id_cliente,zona,data_iscrizione
C0127,Catania,2025-12-17
C0359,Palermo,2026-05-06
C0081,Caltanissetta,2025-11-04
C0052,Catania,2025-10-03
C0428,Enna,2026-06-15
C0023,Enna,2025-08-17
C0199,Trapani,2026-02-07
C0420,Catania,2026-06-08
C0275,Agrigento,2026-03-22
C0259,Catania,2026-03-15
C0016,Agrigento,2025-08-04
C0391,Catania,2026-05-25
C0286,Agrigento,2026-03-26
C0009,Siracusa,2025-07-16
C0319,messina,2026-04-18
C0450,Palermo,2026-06-28
C0373,Ragusa,2026-05-11
C0123,Siracusa,2025-12-13
C0327,Palermo,2026-04-23
C0392,Catania,2026-05-25
C0442,Palermo,2026-06-22
C0077,Caltanissetta,2025-11-02
C0277,Caltanissetta,2026-03-23
C0253,Caltanissetta,2026-03-10
C0121,Catania,2025-12-13
C0237,Palermo,2026-03-03
C0381,Catania,2026-05-17
C0333,Catania,2026-04-25
C0329,Catania,2026-04-23
C0093,Agrigento,2025-11-16
C0358,Palermo,2026-05-05
C0148,Catania,2026-01-01
C0041,Agrigento,2025-09-06
C0216,Palermo,2026-02-20
C0374,Messina,2026-05-12
C0405,Palermo,2026-05-31
C0013,Enna,2025-07-27
C0018,Palermo,2025-08-05
C0218,Messina,2026-02-21
C0288,Palermo,2026-03-28
C0360,Agrigento,2026-05-06
C0371,Siracusa,2026-05-10
C0193,Palermo,2026-01-31
C0042,Palermo,2025-09-09
C0361,Palermo,06/05/2026
C0140,Agrigento,2025-12-25
C0365,Palermo,2026-05-08
C0119,Enna,2025-12-09
C0225,Palermo,2026-02-26
C0141,Palermo,2025-12-26
C0236,Palermo,2026-03-02
C0047,Siracusa,2025-09-14
C0205,Siracusa,2026-02-11
C0350,Catania,2026-05-01
C0103,Palermo,2025-11-24
C0094,Palermo,2025-11-17
C0305,Agrigento,2026-04-06
C0308,Catania,2026-04-10
C0010,Messina,2025-07-19
C0332,Catania,2026-04-24
C0025,Palermo,2025-08-19
C0074,Messina,2025-10-31
C0075,Messina,2025-10-31
C0064,Catania,2025-10-17
C0105,Caltanissetta,2025-11-25
C0015,Catania,2025-08-04
C0309,Ragusa,2026-04-10
C0303,Enna,2026-04-04
C0152,Caltanissetta,2026-01-03
C0022,Agrigento,2025-08-17
C0433,Palermo,2026-06-18
C0180,Catania,2026-01-24
C0145,Messina,2025-12-30
C0160,Agrigento,2026-01-08
C0323,Catania,2026-04-21
C0368,Caltanissetta,2026-05-09
C0442,Palermo,2026-06-22
C0289,Caltanissetta,2026-03-29
C0192,Catania,2026-01-31
C0183,Enna,2026-01-25
C0178,Messina,2026-01-21
C0090,Catania,2025-11-11
C0072,Catania,2025-10-27
C0398,Siracusa,2026-05-29
C0273,Enna,2026-03-20
C0171,Palermo,2026-01-15
C0198,Palermo,2026-02-06
C0328,Palermo,2026-04-23
C0185,Palermo,2026-01-28
C0379,Agrigento,2026-05-16
C0418,Ragusa,2026-06-05
C0227,Palermo,2026-02-27
C0251,Palermo,2026-03-10
C0249,Siracusa,2026-03-07
C0049,Siracusa,2025-09-16
C0265,Palermo,2026-03-18
C0223,Palermo,23/02/2026
C0157,Palermo,2026-01-06
C0004,Siracusa,2025-07-11
C0182,Agrigento,2026-01-25
C0375,Catania,2026-05-13
C0314,Catania,2026-04-13
C0196,Ragusa,2026-02-02
C0065,Palermo,2025-10-18
C0207,Enna,2026-02-13
C0092,Palermo,2025-11-15
C0300,Palermo,2026-04-03
C0403,Catania,2026-05-31
C0256,Palermo,2026-03-11
C0412,Siracusa,2026-06-03
C0376,Catania,2026-05-15
C0284,Palermo,2026-03-26
C0146,Agrigento,2025-12-30
C0094,Palermo,2025-11-17
C0244,Ragusa,2026-03-05
C0431,Catania,2026-06-18
C0254,Agrigento,2026-03-11
C0001,Caltanissetta,01/07/2025
C0142,Ragusa,2025-12-28
C0128,Catania,2025-12-19
C0024,Palermo,2025-08-18
C0124,Trapani,2025-12-14
C0264,Catania,2026-03-18
C0245,Palermo,2026-03-05
C0345,Messina,2026-04-30
C0210,Catania,2026-02-16
C0037,Palermo,03/09/2025
C0058,Trapani,2025-10-14
C0380,Catania,2026-05-17
C0188,Messina,2026-01-29
C0357,Catania,2026-05-05
C0132,Agrigento,2025-12-21
C0248,Catania,2026-03-05
C0043,Palermo,2025-09-10
C0343,Palermo,2026-04-29
C0162,Trapani,2026-01-09
C0087,Siracusa,2025-11-10
C0341,Palermo,2026-04-28
C0097,Messina,2025-11-17
C0080,Catania,2025-11-04
C0321,Enna,2026-04-20
C0166,Agrigento,2026-01-12
C0276,Siracusa,2026-03-22
C0280,Catania,2026-03-25
C0036,Catania,2025-09-02
C0057,Trapani,2025-10-13
C0150,Catania,2026-01-02
C0243,Catania,2026-03-05
C0295,Palermo,2026-04-01
C0396,Catania,2026-05-28
C0306,Palermo,2026-04-07
C0352,Agrigento,2026-05-02
C0005,Palermo,2025-07-12
C0214,Messina,2026-02-20
C0194,Trapani,2026-01-31
C0168,Palermo,2026-01-13
C0261,Siracusa,2026-03-16
C0175,Ragusa,18/01/2026
C0034,Catania,2025-08-29
C0421,Catania,2026-06-10
C0401,Palermo,2026-05-30
C0109,Palermo,2025-11-29
C0229,Catania,2026-02-27
C0315,Palermo,2026-04-14
C0138,Messina,2025-12-24
C0137,Catania,2025-12-24
C0342,Palermo,2026-04-29
C0434,Caltanissetta,19/06/2026
C0131,Agrigento,2025-12-21
C0234,Catania,2026-03-01
C0002,Catania,2025-07-04
C0311,Messina,2026-04-12
C0088,Enna,2025-11-11
C0239,Trapani,2026-03-03
C0449,Enna,2026-06-28
C0126,Messina,2025-12-17
C0439,Palermo,2026-06-22
C0149,Siracusa,2026-01-02
C0335,Trapani,2026-04-26
C0100,Ragusa,2025-11-18
C0422,Messina,2026-06-11
C0228,Palermo,2026-02-27
C0200,Messina,2026-02-08
C0301,Palermo,2026-04-03
C0195,catania,2026-02-01
C0014,Palermo,2025-08-04
C0203,  Ragusa ,2026-02-11
C0386,Palermo,2026-05-20
C0233,Catania,2026-03-01
C0348,Palermo,2026-04-30
C0029,Caltanissetta,2025-08-23
C0108,Palermo,2025-11-28
C0040,Palermo,2025-09-05
C0430,Messina,2026-06-15
C0356,Catania,2026-05-04
C0039,  Palermo ,2025-09-05
C0011,Trapani,2025-07-22
C0219,Trapani,2026-02-21
C0232,Palermo,2026-02-28
C0364,RAGUSA,2026-05-08
C0387,Messina,2026-05-21
C0107,  Catania ,2025-11-27
C0389,Palermo,2026-05-23
C0337,Catania,2026-04-26
C0351,Caltanissetta,2026-05-01
C0282,Palermo,2026-03-25
C0220,Catania,2026-02-22
C0078,Palermo,2025-11-03
C0353,Catania,2026-05-03
C0292,Catania,2026-03-30
C0366,Catania,2026-05-08
C0158,Caltanissetta,2026-01-07
C0113,  Palermo ,2025-12-02
C0274,Catania,2026-03-22
C0279,Palermo,2026-03-25
C0260,Ragusa,2026-03-16
C0221,Catania,2026-02-23
C0155,Agrigento,2026-01-06
C0383,Catania,2026-05-17
C0299,Messina,2026-04-03
C0045,Catania,2025-09-12
C0147,Messina,2025-12-31
C0241,Ragusa,2026-03-03
C0226,Ragusa,2026-02-26
C0111,Siracusa,2025-11-30
C0050,Catania,2025-09-27
C0242,Agrigento,04/03/2026
C0304,Messina,2026-04-05
C0139,Catania,2025-12-25
C0089,Catania,2025-11-11
C0063,Caltanissetta,2025-10-17
C0238,Messina,2026-03-03
C0110,Agrigento,2025-11-30
C0436,Palermo,2026-06-20
C0317,Catania,2026-04-16
C0307,Palermo,2026-04-07
C0098,Messina,2025-11-17
C0407,Messina,2026-06-01
C0048,Catania,15/09/2025
C0104,Messina,2025-11-24
C0404,Palermo,2026-05-31
C0402,Trapani,2026-05-30
C0153,Siracusa,2026-01-04
C0191,Messina,2026-01-31
C0027,Palermo,2025-08-20
C0038,Messina,2025-09-05
C0355,Caltanissetta,2026-05-04
C0095,Palermo,2025-11-17
C0388,Agrigento,2026-05-21
C0326,Enna,2026-04-23
C0143,Enna,2025-12-28
C0056,Caltanissetta,2025-10-12
C0201,Messina,2026-02-08
C0125,Catania,2025-12-16
C0154,Trapani,2026-01-06
C0144,Messina,2025-12-29
C0370,Palermo,2026-05-10
C0419,Messina,2026-06-07
C0060,MESSINA,2025-10-14
C0278,Enna,2026-03-23
C0310,Catania,2026-04-11
C0290,Catania,2026-03-30
C0262,Caltanissetta,2026-03-17
C0426,Caltanissetta,2026-06-14
C0059,Enna,2025-10-14
C0417,Catania,2026-06-05
C0186,Catania,2026-01-29
C0240,Palermo,2026-03-03
C0012,Palermo,2025-07-26
C0385,Caltanissetta,2026-05-20
C0411,Siracusa,2026-06-02
C0313,Trapani,2026-04-13
C0165,Siracusa,2026-01-10
C0106,Enna,2025-11-26
C0269,Enna,2026-03-19
C0230,Catania,2026-02-28
C0429,Messina,2026-06-15
C0102,Agrigento,2025-11-22
C0007,Agrigento,2025-07-14
C0318,Catania,2026-04-18
C0372,Palermo,2026-05-10
C0432,Ragusa,2026-06-18
C0378,Ragusa,2026-05-15
C0054,Messina,2025-10-06
C0069,Trapani,2025-10-24
C0091,  Caltanissetta ,2025-11-13
C0179,Enna,2026-01-22
C0367,Palermo,2026-05-09
C0400,Trapani,2026-05-30
C0044,Trapani,2025-09-11
C0392,Catania,2026-05-25
C0409,Catania,2026-06-02
C0446,Catania,2026-06-26
C0130,Siracusa,2025-12-20
C0339,Caltanissetta,2026-04-26
C0235,Catania,02/03/2026
C0055,Trapani,2025-10-12
C0406,Enna,2026-05-31
C0189,Palermo,2026-01-30
C0083,Palermo,2025-11-04
C0347,Palermo,2026-04-30
C0444,Ragusa,2026-06-25
C0281,Palermo,2026-03-25
C0084,Catania,2025-11-08
C0177,Palermo,2026-01-21
C0208,Palermo,2026-02-14
C0099,Caltanissetta,2025-11-18
C0435,Ragusa,2026-06-20
C0270,Agrigento,2026-03-20
C0231,Siracusa,2026-02-28
C0197,Ragusa,2026-02-06
C0440,Caltanissetta,2026-06-22
C0384,Catania,2026-05-18
C0116,Agrigento,2025-12-06
C0031,Catania,2025-08-27
C0019,Palermo,2025-08-06
C0268,Palermo,2026-03-19
C0362,Caltanissetta,2026-05-06
C0017,Trapani,05/08/2025
C0206,Catania,2026-02-12
C0184,Palermo,2026-01-26
C0217,Trapani,2026-02-21
C0066,Messina,2025-10-19
C0187,Messina,2026-01-29
C0213,Siracusa,2026-02-19
C0118,Palermo,2025-12-08
C0344,Catania,2026-04-30
C0202,Agrigento,2026-02-08
C0447,Palermo,2026-06-26
C0363,Palermo,2026-05-07
C0294,Ragusa,2026-04-01
C0073,Agrigento,2025-10-31
C0067,Messina,2025-10-21
C0287,Palermo,27/03/2026
C0408,Agrigento,2026-06-01
C0354,Messina,2026-05-04
C0085,Messina,2025-11-09
C0424,Palermo,2026-06-12
C0437,Siracusa,2026-06-20
C0020,Palermo,2025-08-10
C0021,Agrigento,2025-08-17
C0443,Ragusa,2026-06-24
C0112,Ragusa,2025-12-01
C0114,Caltanissetta,2025-12-05
C0338,Siracusa,2026-04-26
C0006,Messina,2025-07-13
C0395,Messina,2026-05-26
C0393,Enna,2026-05-25
C0209,Trapani,2026-02-15
C0397,Agrigento,2026-05-29
C0324,Siracusa,2026-04-21
C0169,Catania,2026-01-14
C0312,Palermo,2026-04-12
C0074,Messina,2025-10-31
C0316,Catania,2026-04-14
C0258,Palermo,2026-03-13
C0028,Palermo,2025-08-20
C0427,Catania,2026-06-14
C0159,Agrigento,2026-01-07
C0040,Palermo,2025-09-05
C0399,Agrigento,2026-05-30
C0263,CATANIA,2026-03-17
C0322,Palermo,2026-04-21
C0252,Trapani,2026-03-10
C0320,Enna,2026-04-18
C0115,Palermo,2025-12-05
C0416,Ragusa,2026-06-04
C0190,Enna,2026-01-30
C0390,Palermo,2026-05-24
C0053,Ragusa,2025-10-06
C0068,Catania,2025-10-23
C0061,Caltanissetta,2025-10-16
C0266,Enna,2026-03-18
C0330,Palermo,2026-04-24
C0163,Caltanissetta,2026-01-09
C0438,Messina,2026-06-21
C0079,Messina,2025-11-04
C0246,Catania,2026-03-05
C0441,Ragusa,2026-06-22
C0250,Catania,2026-03-09
C0076,Enna,2025-11-02
C0170,Ragusa,2026-01-14
C0267,Ragusa,2026-03-19
C0298,Trapani,2026-04-02
C0070,Catania,2025-10-24
C0071,  Messina ,2025-10-26
C0413,Messina,2026-06-03
C0101,Caltanissetta,2025-11-19
C0032,Ragusa,2025-08-27
C0430,Messina,2026-06-15
C0181,Messina,2026-01-24
C0423,Palermo,2026-06-11
C0410,Palermo,2026-06-02
C0414,Trapani,2026-06-04
C0222,Ragusa,2026-02-23
C0134,Palermo,2025-12-21
C0033,enna,2025-08-28
C0377,Siracusa,2026-05-15
C0151,Siracusa,2026-01-03
C0334,Palermo,2026-04-26
C0302,Ragusa,2026-04-04
C0291,Catania,2026-03-30
C0382,Catania,2026-05-17
C0164,Palermo,2026-01-10
C0283,Catania,2026-03-25
C0224,Enna,24/02/2026
C0086,Trapani,2025-11-10
C0349,Palermo,2026-05-01
C0271,Messina,2026-03-20
C0415,Palermo,2026-06-04
C0176,Agrigento,2026-01-20
C0173,Enna,2026-01-17
C0026,Messina,2025-08-19
C0003,Siracusa,2025-07-08
C0135,Trapani,2025-12-22
C0161,Catania,2026-01-08
C0030,Ragusa,2025-08-23
C0394,Ragusa,2026-05-25
C0122,Palermo,2025-12-13
C0204,Agrigento,2026-02-11
C0285,Caltanissetta,2026-03-26
C0120,Siracusa,2025-12-12
C0129,Palermo,2025-12-20
C0346,Messina,2026-04-30
C0296,Enna,2026-04-02
C0297,Siracusa,2026-04-02
C0096,Trapani,2025-11-17
C0272,Caltanissetta,2026-03-20
C0156,Palermo,2026-01-06
C0215,Messina,2026-02-20
C0293,Ragusa,2026-03-31
C0117,Messina,07/12/2025
C0167,Siracusa,2026-01-12
C0340,Palermo,2026-04-27
C0212,Palermo,2026-02-19
C0136,Catania,2025-12-23
C0255,Catania,2026-03-11
C0082,Catania,2025-11-04
C0336,Catania,2026-04-26
C0369,Agrigento,2026-05-09
C0247,Palermo,2026-03-05
C0046,Agrigento,2025-09-12
C0257,Enna,2026-03-11
C0448,Palermo,2026-06-27
C0211,Catania,2026-02-18
C0174,Palermo,2026-01-18
C0172,Agrigento,2026-01-16
C0035,Messina,2025-09-02
C0325,Catania,2026-04-22
C0425,Messina,2026-06-13
C0051,Agrigento,2025-09-28
C0331,Enna,2026-04-24
C0445,Ragusa,2026-06-25
C0133,Agrigento,2025-12-21
C0008,  Palermo ,2025-07-15
C0062,Palermo,2025-10-17
