id_operatore,zona,tipo_attivita
O270,Ragusa,Tecnico hardware
O177,Siracusa,Tecnico software
O287,Catania,Tecnico reti
O295,Messina,Tecnico mobile
O168,  Palermo ,Tecnico hardware
O220,Catania,Tecnico hardware
O164,Palermo,Tecnico reti
O319,Enna,Tecnico hardware
O071,Palermo,Tecnico hardware
O022,Messina,Tecnico reti
O156,Siracusa,Tecnico hardware
O030,Siracusa,Tecnico hardware
O045,Palermo,Tecnico reti
O320,Palermo,Tecnico hardware
O054,Catania,Tecnico reti
O119,Trapani,Tecnico hardware
O214,Siracusa,Tecnico mobile
O240,Trapani,Tecnico hardware
O265,Catania,Tecnico hardware
O296,Ragusa,Tecnico software
O065,Catania,Tecnico hardware
O018,Palermo,Tecnico hardware
O138,Siracusa,Tecnico hardware
O012,Catania,Tecnico software
O041,Messina,Tecnico hardware
O215,Enna,Tecnico hardware
O298,Trapani,Tecnico mobile
O179,AGRIGENTO,Tecnico hardware
O060,Messina,Tecnico hardware
O146,Trapani,  Tecnico reti 
O080,Messina,Tecnico hardware
O316,Messina,Tecnico hardware
O043,Catania,Tecnico reti
O058,Messina,Tecnico hardware
O143,Palermo,Tecnico software
O285,Catania,Tecnico hardware
O085,Palermo,Tecnico reti
O099,Catania,Tecnico hardware
O006,Trapani,Tecnico reti
O072,Trapani,Tecnico software
O135,Palermo,Tecnico reti
O029,Palermo,Tecnico reti
O207,Palermo,Tecnico hardware
O194,Palermo,Tecnico reti
O266,Catania,Tecnico hardware
O061,Palermo,Tecnico mobile
O175,Agrigento,  Tecnico reti 
O040,Messina,Tecnico reti
O302,Catania,Tecnico hardware
O252,Palermo,Tecnico mobile
O073,Ragusa,Tecnico software
O082,Caltanissetta,Tecnico hardware
O256,Messina,Tecnico software
O202,Palermo,Tecnico software
O291,Catania,Tecnico hardware
O031,Enna,Tecnico reti
O062,Ragusa,Tecnico mobile
O025,Trapani,Tecnico hardware
O059,Trapani,Tecnico hardware
O118,Catania,Tecnico reti
O216,Palermo,Tecnico reti
O116,Messina,Tecnico reti
O195,Palermo,Tecnico reti
O239,Palermo,Tecnico hardware
O217,Enna,tecnico hardware
O315,Messina,Tecnico hardware
O210,Palermo,Tecnico hardware
O127,Catania,Tecnico mobile
O318,palermo,Tecnico hardware
O253,Messina,Tecnico hardware
O105,Palermo,Tecnico reti
O254,Caltanissetta,Tecnico mobile
O095,Agrigento,Tecnico mobile
O158,Catania,Tecnico hardware
O310,Siracusa,Tecnico hardware
O236,Palermo,Tecnico hardware
O079,Trapani,Tecnico reti
O178,Catania,Tecnico hardware
O066,Agrigento,Tecnico mobile
O124,Siracusa,Tecnico mobile
O137,Catania,Tecnico software
O094,Palermo,Tecnico software
O091,Palermo,Tecnico software
O120,Agrigento,Tecnico hardware
O188,Messina,Tecnico software
O117,Siracusa,Tecnico hardware
O246,Messina,Tecnico mobile
O161,Agrigento,Tecnico software
O234,Trapani,Tecnico hardware
O237,Palermo,Tecnico software
O190,Palermo,  Tecnico hardware 
O107,Trapani,Tecnico hardware
O044,catania,Tecnico mobile
O212,Enna,Tecnico reti
O283,Palermo,Tecnico hardware
O205,Messina,Tecnico software
O167,Palermo,Tecnico hardware
O197,Catania,Tecnico mobile
O284,Siracusa,Tecnico hardware
O028,Palermo,TECNICO SOFTWARE
O213,Siracusa,Tecnico reti
O128,Trapani,Tecnico hardware
O306,Palermo,Tecnico hardware
O123,Palermo,Tecnico hardware
O131,Palermo,Tecnico mobile
O108,Messina,Tecnico reti
O157,Siracusa,Tecnico hardware
O125,Palermo,Tecnico hardware
O098,Messina,Tecnico hardware
O084,Catania,Tecnico reti
O115,Ragusa,Tecnico mobile
O288,Catania,Tecnico mobile
O184,Palermo,Tecnico hardware
O264,Palermo,Tecnico mobile
O176,Caltanissetta,Tecnico hardware
O278,Palermo,Tecnico mobile
O309,Palermo,Tecnico mobile
O100,Palermo,Tecnico hardware
O074,Palermo,Tecnico reti
O141,Catania,Tecnico hardware
O003,Palermo,Tecnico hardware
O159,Catania,Tecnico software
O182,Messina,Tecnico hardware
O007,Palermo,Tecnico mobile
O311,Agrigento,Tecnico software
O193,Palermo,Tecnico mobile
O173,Ragusa,Tecnico reti
O152,Catania,Tecnico mobile
O093,Caltanissetta,Tecnico software
O050,Caltanissetta,Tecnico hardware
O129,Palermo,Tecnico reti
O057,Palermo,Tecnico reti
O010,Messina,Tecnico reti
O275,Messina,Tecnico reti
O063,Palermo,Tecnico hardware
O238,Ragusa,Tecnico hardware
O204,Catania,Tecnico reti
O140,Caltanissetta,Tecnico hardware
O147,Catania,Tecnico reti
O064,Agrigento,Tecnico software
O081,Siracusa,Tecnico hardware
O165,Palermo,Tecnico reti
O235,Catania,Tecnico hardware
O046,Agrigento,  Tecnico software 
O294,Caltanissetta,Tecnico mobile
O168,  Palermo ,Tecnico hardware
O130,Palermo,Tecnico software
O151,Palermo,Tecnico hardware
O020,Ragusa,Tecnico hardware
O032,Palermo,Tecnico hardware
O036,Palermo,Tecnico reti
O112,Palermo,Tecnico hardware
O083,Palermo,Tecnico reti
O070,Palermo,Tecnico mobile
O136,Messina,Tecnico reti
O272,Agrigento,Tecnico mobile
O122,Messina,Tecnico hardware
O231,Trapani,Tecnico mobile
O186,Palermo,Tecnico hardware
O011,Enna,Tecnico hardware
O155,Trapani,Tecnico hardware
O109,Caltanissetta,Tecnico hardware
O126,Palermo,Tecnico hardware
O181,Catania,Tecnico software
O145,Enna,Tecnico software
O111,Ragusa,Tecnico hardware
O121,Enna,Tecnico hardware
O160,Palermo,Tecnico hardware
O226,Siracusa,Tecnico software
O209,Palermo,Tecnico hardware
O280,Caltanissetta,Tecnico hardware
O087,Catania,Tecnico hardware
O258,Palermo,Tecnico hardware
O042,Agrigento,Tecnico software
O248,Messina,Tecnico software
O088,Trapani,Tecnico mobile
O166,Messina,Tecnico reti
O206,Palermo,Tecnico mobile
O086,Enna,Tecnico hardware
O274,Caltanissetta,Tecnico reti
O067,Palermo,Tecnico mobile
O290,Palermo,Tecnico mobile
O034,Palermo,Tecnico hardware
O106,Trapani,Tecnico reti
O162,Catania,Tecnico software
O247,Trapani,Tecnico hardware
O189,Caltanissetta,Tecnico hardware
O027,Caltanissetta,Tecnico hardware
O263,Ragusa,Tecnico hardware
O300,Ragusa,Tecnico hardware
O016,Palermo,Tecnico reti
O089,Ragusa,Tecnico mobile
O150,Trapani,Tecnico hardware
O221,Catania,Tecnico hardware
O289,Messina,Tecnico hardware
O024,Ragusa,Tecnico mobile
O228,Palermo,Tecnico hardware
O247,Trapani,Tecnico hardware
O313,Catania,Tecnico mobile
O035,Ragusa,Tecnico software
O244,Trapani,Tecnico hardware
O227,Enna,Tecnico reti
O052,Catania,Tecnico hardware
O051,Palermo,TECNICO SOFTWARE
O229,Caltanissetta,Tecnico reti
O103,Siracusa,Tecnico software
O139,Catania,Tecnico reti
O142,Trapani,Tecnico hardware
O170,Catania,Tecnico reti
O276,Catania,Tecnico software
O078,Trapani,Tecnico reti
O242,Palermo,Tecnico mobile
O068,Palermo,Tecnico hardware
O114,Enna,Tecnico reti
O163,Catania,Tecnico hardware
O009,Catania,Tecnico hardware
O297,Siracusa,Tecnico reti
O301,Siracusa,Tecnico software
O279,Palermo,Tecnico hardware
O180,Catania,Tecnico mobile
O110,Catania,Tecnico software
O013,Ragusa,Tecnico reti
O261,ENNA,Tecnico hardware
O174,Catania,Tecnico software
O286,Messina,Tecnico reti
O069,Messina,Tecnico reti
O273,Palermo,Tecnico reti
O033,Palermo,Tecnico hardware
O292,Siracusa,Tecnico reti
O149,Ragusa,Tecnico software
O185,Catania,Tecnico hardware
O039,Palermo,tecnico hardware
O223,Palermo,Tecnico reti
O019,catania,Tecnico hardware
O312,Ragusa,Tecnico software
O259,Palermo,Tecnico mobile
O037,Messina,Tecnico reti
O014,Enna,Tecnico reti
O104,Catania,Tecnico reti
O222,Caltanissetta,Tecnico software
O187,Catania,Tecnico reti
O257,Catania,Tecnico hardware
O169,Agrigento,Tecnico hardware
O245,Palermo,Tecnico hardware
O077,Ragusa,Tecnico hardware
O233,Messina,Tecnico mobile
O113,Trapani,Tecnico reti
O096,Catania,Tecnico hardware
O305,Palermo,Tecnico reti
O005,Catania,Tecnico hardware
O293,Palermo,Tecnico mobile
O225,Catania,Tecnico hardware
O314,Messina,Tecnico reti
O056,Catania,Tecnico mobile
O260,Palermo,Tecnico hardware
O284,Siracusa,Tecnico hardware
O154,Ragusa,Tecnico hardware
O251,Siracusa,Tecnico software
O262,Palermo,Tecnico reti
O102,Palermo,Tecnico hardware
O241,Enna,Tecnico software
O232,Palermo,Tecnico hardware
O196,Palermo,Tecnico hardware
O299,Trapani,Tecnico mobile
O282,Enna,Tecnico hardware
O023,Catania,Tecnico mobile
O021,Trapani,Tecnico hardware
O199,Messina,Tecnico hardware
O055,Catania,Tecnico reti
O017,Ragusa,TECNICO SOFTWARE
O200,Palermo,Tecnico software
O191,Siracusa,Tecnico hardware
O101,Palermo,Tecnico software
O203,Messina,Tecnico software
O133,Trapani,Tecnico hardware
O317,Siracusa,Tecnico reti
O001,Agrigento,Tecnico software
O208,enna,Tecnico hardware
O308,Messina,Tecnico hardware
O047,Agrigento,Tecnico mobile
O172,Catania,Tecnico reti
O076,Agrigento,Tecnico software
O132,Ragusa,Tecnico software
O255,Siracusa,Tecnico hardware
O148,Palermo,Tecnico reti
O004,Messina,Tecnico reti
O211,Palermo,Tecnico hardware
O277,Palermo,Tecnico mobile
O075,Caltanissetta,Tecnico software
O038,Enna,Tecnico hardware
O303,Palermo,Tecnico hardware
O268,Agrigento,Tecnico reti
O304,Siracusa,Tecnico software
O026,Catania,Tecnico hardware
O048,Palermo,Tecnico reti
O307,Palermo,Tecnico hardware
O250,Trapani,Tecnico mobile
O002,Ragusa,Tecnico mobile
O271,Palermo,Tecnico software
O015,Ragusa,Tecnico hardware
O183,Catania,Tecnico mobile
O320,Palermo,Tecnico hardware
O249,Catania,Tecnico software
O008,Trapani,Tecnico hardware
O198,  Catania ,Tecnico hardware
O092,Agrigento,Tecnico software
O153,Catania,Tecnico hardware
O267,Catania,Tecnico hardware
O134,Palermo,Tecnico hardware
O053,Messina,Tecnico reti
O224,Enna,Tecnico reti
O090,Enna,Tecnico software
O281,Agrigento,Tecnico reti
O049,Catania,Tecnico software
O201,Palermo,Tecnico reti
O219,Siracusa,Tecnico hardware
O192,Catania,Tecnico hardware
O269,Enna,Tecnico software
O144,ENNA,Tecnico hardware
O218,Palermo,Tecnico hardware
O230,Messina,Tecnico mobile
O243,Palermo,Tecnico software
O171,Catania,Tecnico software
O097,Siracusa,Tecnico hardware
