id_richiesta,id_cliente,id_fornitore,id_operatore,data_ora,importo,tempo_erogazione_ore,stato
R00226,C0014,F135,O242,2026-01-09 09:43,,11.8,Completata
R00551,C0411,F008,O214,2026-06-10 16:26,21.56,12.9,Completata
R00404,C0105,F109,O274,2026-04-09 08:33,144.48,12.2,Completata
R00182,C0105,F176,O140,2025-12-13 10:16,98.05,5.5,Completata
R00264,C0137,F107,O171,2026-01-28 16:45,64.5,1.7,Completata
R00486,C0003,F001,O138,2026-05-14 12:23,0.0,,Annullata
R00433,C0183,F291,O269,2026-04-21 08:36,43.36,8.6,Completata
R00295,C0031,F256,O127,2026-02-16 13:54,69.92,19.9,Completata
R00563,C0347,F011,O123,2026-06-15 10:00,55.82,33.8,Completata
R00230,C0099,F273,O294,2026-01-13 15:55,73.97,14.6,Completata
R00504,C0244,F213,O035,2026-05-21 15:20,36.2,10.4,Completata
R00514,C0126,F143,O080,2026-05-25 18:51,74.84,4.6,Completata
R00270,C0121,F103,O084,2026-02-03 11:19,137.12,26.7,Completata
R00573,C0065,F116,O303,2026-06-18 10:45,61.94,22.3,Completata
R00355,C0251,F274,O243,2026-03-16 18:04,71.68,4.1,Completata
R00559,C0162,F288,O021,2026-06-13 11:28,0.0,,Annullata
R00426,C0121,F193,O012,17/04/2026 18:09,0.0,,Annullata
R00220,C0151,F189,O304,2026-01-06 15:12,50.71,21.2,Completata
R00043,C0005,F179,O283,2025-08-19 09:23,97.33,67.9,In ritardo
R00513,C0087,F293,O124,2026-05-25 17:34,59.19,65.6,In ritardo
R00068,C0033,F291,O269,2025-09-18 10:53,51.34,16.3,Completata
R00167,C0053,F260,O013,2025-12-06 11:30,122.79,6.8,Completata
R00198,C0021,F250,O179,2025-12-21 13:51,201.66,45.8,Completata
R00432,C0062,F162,O094,2026-04-20 19:04,51.13,101.7,In ritardo
R00417,C0095,F126,O071,2026-04-15 11:37,63.69,73.1,In ritardo
R00400,C0071,F055,O122,2026-04-08 09:06,72.86,10.2,Completata
R00484,C0060,F111,O122,2026-05-14 10:16,,38.7,Completata
R00303,C0023,F110,O212,2026-02-18 15:26,142.5,19.4,Completata
R00183,C0024,F140,O290,2025-12-13 17:32,64.8,114.7,In ritardo
R00569,C0049,F036,O157,2026-06-16 11:04,108.44,26.4,Completata
R00194,C0113,F118,O216,2025-12-18 11:50,168.92,22.6,Completata
R00206,C0060,F167,O122,2025-12-24 11:40,73.44,19.5,Completata
R00363,C0055,F276,O128,2026-03-20 13:38,75.22,49.6,In ritardo
R00468,C0015,F040,O141,2026-05-09 18:43,0.0,,Annullata
R00456,C0331,F097,O121,2026-05-02 17:12,160.4,12.3,Completata
R00354,C0200,F293,O233,2026-03-16 17:02,78.01,3.1,Completata
R00397,C0296,F201,O224,2026-04-06 19:39,62.11,4.8,Completata
R00218,C0060,F125,O080,2026-01-06 08:44,195.9,33.5,Completata
R00179,C0008,F081,O126,2025-12-12 18:11,93.86,18.1,Completata
R00393,C0218,F055,O080,2026-04-06 10:16,57.85,15.7,Completata
R00444,C0105,F109,O229,2026-04-28 18:30,111.42,5.5,Completata
R00591,C0335,F208,O106,2026-06-24 19:25,73.04,6.4,Completata
R00464,C0325,F227,O183,2026-05-08 13:33,64.75,10.8,Completata
R00076,C0031,F177,O147,2025-09-24 17:59,87.47,23.2,Completata
R00399,C0139,F187,O052,2026-04-07 15:22,"0,0",,Annullata
R00180,C0013,F008,O313,2025-12-12 18:29,46.63,47.8,Completata
R00543,C0087,F098,O317,2026-06-04 20:31,79.36,16.4,Completata
R00364,C0063,F054,O093,2026-03-20 22:15,44.73,8.4,Completata
R00283,C0185,F083,O303,2026-02-10 10:37,83.85,19.4,Completata
R00086,C0035,F199,O060,2025-10-02 16:55,76.43,3.5,Completata
R00467,C0306,F046,O242,2026-05-09 16:34,49.69,14.6,Completata
R00144,C0029,F109,O274,2025-11-24 18:55,0.0,,Annullata
R00427,C0101,F033,O075,2026-04-17 18:46,63.05,8.5,Completata
R00276,C0196,F010,O024,2026-02-05 14:00,29.79,141.9,In ritardo
R00407,C0080,F136,O096,2026-04-10 07:32,48.59,27.9,Completata
R00162,C0030,F021,O154,2025-12-03 11:19,124.56,94.4,In ritardo
R00252,C0063,F233,O027,2026-01-23 09:09,58.72,21.6,Completata
R00011,C0005,F173,O223,2025-07-12 18:19,0.0,,Annullata
R00376,C0105,F033,O222,2026-03-27 18:25,31.81,17.9,Completata
R00505,C0227,F026,O200,2026-05-21 17:20,68.38,5.6,Completata
R00286,C0170,F021,O154,2026-02-12 17:43,75.82,6.1,Completata
R00072,C0031,F019,O288,2025-09-21 10:39,64.83,1.5,Completata
R00113,C0014,F118,O216,2025-10-28 20:00,98.93,26.0,Completata
R00459,C0087,F172,O103,2026-05-05 17:03,56.67,54.7,In ritardo
R00124,C0028,F279,O070,2025-11-07 15:23,69.74,13.4,Completata
R00401,C0282,F020,O236,2026-04-08 11:44,20.32,33.8,Completata
R00541,C0137,F163,O127,2026-06-03 11:43,75.72,66.2,In ritardo
R00030,C0003,F098,O297,2025-07-31 11:06,75.95,6.6,Completata
R00268,C0003,F029,O310,2026-02-02 11:12,"66,66",18.9,Completata
R00351,C0144,F132,O188,2026-03-13 19:11,34.09,6.8,Completata
R00389,C0228,F223,O094,2026-04-03 18:43,54.09,7.7,Completata
R00112,C0045,F070,O180,2025-10-28 12:47,96.68,19.9,Completata
R00141,C0083,F117,O167,2025-11-21 22:15,92.84,25.2,COMPLETATA
R00333,C0189,F264,O039,2026-03-05 10:55,114.93,10.7,  Completata 
R00536,C0167,F069,O138,2026-06-02 13:28,37.9,60.3,In ritardo
R00313,C0115,F079,O101,2026-02-23 13:40,43.4,8.5,Completata
R00357,C0227,F218,O305,2026-03-17 15:42,94.8,12.2,Completata
R00521,C0121,F196,O178,2026-05-27 18:59,78.23,20.2,Completata
R00039,C0001,F283,O140,2025-08-11 08:15,76.24,10.1,Completata
R00498,C0224,F071,O233,18/05/2026 17:40,"61,04",65.9,In ritardo
R00146,C0050,F198,O302,2025-11-25 11:07,84.48,8.8,Completata
R00133,C0045,F139,O049,2025-11-13 21:13,71.86,8.2,Completata
R00568,C0127,F164,O291,2026-06-15 19:09,,27.2,Completata
R00395,C0200,F194,O060,2026-04-06 12:30,112.1,19.1,Completata
R00136,C0023,F008,O183,16/11/2025 08:03,80.51,21.2,Completata
R00130,C0042,F252,O206,2025-11-13 15:49,71.76,22.7,Completata
R00210,C0004,F012,O124,2025-12-29 16:09,81.47,21.1,Completata
R00073,C0011,F296,O155,2025-09-22 13:08,37.53,36.0,Completata
R00574,C0115,F083,O228,2026-06-19 10:22,97.17,17.5,Completata
R00384,C0257,F130,O144,2026-04-01 17:06,48.28,33.6,COMPLETATA
R00010,C0005,F046,O290,2025-07-12 16:37,0.0,,Annullata
R00507,C0373,F077,O020,2026-05-22 14:42,88.55,8.2,Completata
R00503,C0029,F109,O274,2026-05-21 11:11,61.24,65.3,In ritardo
R00380,C0257,F265,O241,30/03/2026 10:42,32.13,5.6,Completata
R00510,C0109,F039,O228,2026-05-25 09:27,97.71,101.6,In ritardo
R00234,C0121,F277,O171,2026-01-15 11:09,34.22,13.3,Completata
R00244,C0025,F268,O303,2026-01-20 15:44,59.36,27.1,Completata
R00088,C0013,F265,O241,2025-10-03 09:52,35.06,8.0,Completata
R00261,C0174,F088,O123,2026-01-26 11:55,"196,81",34.5,Completata
R00196,C0115,F247,O264,2025-12-19 09:40,77.91,10.9,Completata
R00085,C0031,F258,O099,2025-10-02 10:38,71.14,47.7,Completata
R00223,C0093,F145,O179,2026-01-07 17:06,35.47,3.4,Completata
R00074,C0049,F227,O124,2025-09-23 09:16,33.94,17.7,Completata
R00116,C0031,F084,O266,2025-10-31 16:54,91.26,79.0,In ritardo
R00374,C0194,F276,O119,2026-03-25 12:30,73.5,14.3,Completata
R00145,C0074,F111,O253,2025-11-25 08:09,95.45,18.8,Completata
R00495,C0248,F024,O185,2026-05-18 10:46,34.83,9.2,Completata
R00344,C0213,F001,O097,2026-03-09 17:23,89.04,86.9,In ritardo
R00110,C0020,F135,O242,2025-10-27 10:20,0.0,,Annullata
R00152,C0053,F021,O154,2025-11-27 08:58,85.87,22.8,Completata
R00528,C0368,F176,O109,2026-06-01 08:28,0.0,,Annullata
R00335,C0239,F208,O079,2026-03-05 12:37,0.0,,Annullata
R00579,C0345,F278,O040,2026-06-21 11:11,109.84,36.2,Completata
R00385,C0203,F286,O020,2026-04-01 19:39,229.24,19.2,Completata
R00111,C0060,F143,O182,2025-10-28 09:09,57.23,45.6,Completata
R00131,C0056,F054,O093,2025-11-13 17:36,55.23,122.6,In ritardo
R00212,C0078,F072,O318,2025-12-29 19:47,52.63,6.6,Completata
R00009,C0003,F029,O156,2025-07-10 10:44,94.68,37.1,Completata
R00490,C0232,F268,O236,2026-05-15 13:56,136.73,93.2,In ritardo
R00028,C0003,F172,O177,2025-07-29 09:39,0.0,,Annullata
R00014,C0002,F275,O178,2025-07-15 18:33,43.47,26.7,Completata
R00413,C0257,F142,O215,2026-04-13 14:41,93.51,15.4,Completata
R00017,C0003,F190,O304,2025-07-19 14:02,24.92,71.9,In ritardo
R00127,C0045,F187,O163,2025-11-11 17:47,0.0,,Annullata
R00065,C0011,F178,O059,2025-09-11 20:05,133.5,70.5,In ritardo
R00571,C0044,F222,O072,2026-06-17 13:40,23.79,3.2,Completata
R00032,C0008,F094,O007,2025-08-04 17:38,62.39,11.5,Completata
R00306,C0031,F185,O163,2026-02-19 13:20,66.66,98.2,In ritardo
R00332,C0091,F033,O075,2026-03-04 21:42,64.5,14.7,Completata
R00419,C0286,F152,O268,2026-04-15 14:52,80.12,24.5,Completata
R00219,C0057,F296,O155,2026-01-06 09:14,87.45,56.5,In ritardo
R00512,C0014,F047,O202,2026-05-25 16:11,75.79,10.4,Completata
R00143,C0053,F166,O015,2025-11-24 16:33,136.81,28.4,Completata
R00500,C0336,F184,O153,2026-05-20 10:18,95.72,30.7,Completata
R00247,C0006,F111,O199,2026-01-21 11:05,15.0,6.9,Completata
R00550,C0093,F008,O066,2026-06-10 10:43,42.11,48.8,In ritardo
R00156,C0045,F103,O204,2025-11-29 16:29,48.53,98.8,In ritardo
R00450,C0115,F094,O278,2026-04-30 16:06,74.38,23.8,Completata
R00585,C0240,F081,O236,2026-06-22 17:16,111.75,10.4,Completata
R00203,C0078,F011,O039,2025-12-22 19:52,36.17,12.9,Completata
R00163,C0068,F185,O005,2025-12-04 13:26,103.32,43.9,Completata
R00213,C0115,F247,O007,2025-12-31 19:13,79.04,5.1,Completata
R00581,C0344,F158,O197,2026-06-22 08:06,74.18,19.9,Completata
R00452,C0188,F206,O256,2026-04-30 19:04,54.78,15.5,Completata
R00533,C0033,F014,O298,2026-06-01 19:14,63.04,29.1,Completata
R00300,C0004,F001,O219,2026-02-17 20:58,75.53,20.8,Completata
R00361,C0080,F030,O104,2026-03-19 13:40,42.43,13.9,Completata
R00445,C0004,F001,O284,2026-04-28 19:59,87.0,19.5,Completata
R00546,C0368,F109,O229,2026-06-08 15:19,50.9,6.0,Completata
R00102,C0054,F289,O010,2025-10-20 18:34,115.88,36.2,Completata
R00477,C0231,F091,O214,2026-05-12 09:47,79.2,5.2,Completata
R00557,C0115,F118,O129,2026-06-12 11:43,116.0,1.0,Completata
R00422,C0031,F184,O158,2026-04-16 08:08,107.91,11.1,Completata
R00042,C0017,F129,O088,2025-08-15 17:38,43.81,88.3,In ritardo
R00200,C0115,F022,O216,2025-12-21 21:01,69.84,25.4,Completata
R00473,C0221,F187,O221,2026-05-11 10:51,95.79,27.4,Completata
R00296,C0041,F267,O179,2026-02-17 09:44,71.51,8.7,Completata
R00458,C0344,F158,O044,2026-05-04 19:30,78.16,10.9,Completata
R00317,C0123,F098,O213,2026-02-26 16:05,82.09,7.7,Completata
R00040,C0018,F263,O194,2025-08-12 10:07,87.63,6.5,Completata
R00576,C0164,F173,O194,2026-06-19 10:50,76.56,26.4,Completata
R00453,C0062,F229,O160,2026-04-30 19:55,80.84,11.1,Completata
R00337,C0070,F193,O174,2026-03-05 14:50,51.01,6.5,Completata
R00365,C0167,F029,O030,23/03/2026 08:00,90.88,11.4,Completata
R00123,C0024,F299,O190,2025-11-06 15:02,99.49,65.6,In ritardo
R00024,C0008,F292,O007,2025-07-26 10:16,58.93,41.4,Completata
R00121,C0025,F126,O160,2025-11-03 13:31,51.7,14.9,Completata
R00511,C0244,F021,O154,2026-05-25 12:38,76.67,53.5,In ritardo
R00410,C0306,F081,O151,2026-04-12 11:22,69.4,37.7,Completata
R00115,C0068,F185,O005,2025-10-31 11:44,67.35,64.5,In ritardo
R00554,C0208,F026,O101,2026-06-11 18:28,,11.1,Completata
R00035,C0014,F216,O036,2025-08-07 08:45,105.81,6.2,Completata
R00288,C0015,F139,O181,2026-02-13 09:49,42.43,6.4,Completata
R00329,C0202,F282,O281,2026-03-04 12:04,69.02,12.9,Completata
R00126,C0033,F130,O261,2025-11-11 08:43,38.44,4.3,Completata
R00175,C0060,F091,O246,2025-12-10 12:24,38.44,39.2,Completata
R00592,C0320,F005,O056,27/06/2026 16:18,103.5,17.2,Completata
R00046,C0014,F216,O105,2025-08-21 10:52,110.91,16.6,Completata
R00416,C0023,F127,O038,2026-04-14 15:55,136.32,18.0,Completata
R00293,C0014,F046,O277,2026-02-16 09:12,99.92,15.4,Completata
R00420,C0105,F283,O082,2026-04-15 16:12,69.56,71.5,In ritardo
R00067,C0043,F268,O186,2025-09-18 10:28,101.14,29.2,Completata
R00267,C0096,F204,O133,2026-02-02 10:18,112.6,17.4,Completata
R00216,C0123,F200,O214,2026-01-03 16:08,51.2,15.7,Completata
R00185,C0072,F104,O225,2025-12-15 11:50,148.05,14.7,Completata
R00315,C0065,F270,O148,2026-02-24 16:52,0.0,,Annullata
R00224,C0087,F029,O191,2026-01-07 18:34,98.98,5.4,Completata
R00307,C0188,F249,O248,2026-02-19 13:59,52.49,75.3,In ritardo
R00089,C0049,F029,O081,2025-10-06 10:58,91.08,10.8,Completata
R00478,C0062,F270,O016,2026-05-12 10:21,87.07,23.9,Completata
R00056,C0009,F087,O255,2025-08-31 10:20,31.74,75.9,In ritardo
R00051,C0014,F183,O264,2025-08-26 16:42,60.96,11.1,Completata
R00531,C0285,F054,O075,2026-06-01 15:00,50.7,12.8,Completata
R00048,C0026,F055,O199,2025-08-25 09:27,59.44,6.2,Completata
R00237,C0077,F109,O274,2026-01-16 18:06,95.85,15.3,Completata
R00529,C0005,F243,O051,2026-06-01 10:56,51.17,6.8,Completata
R00282,C0105,F202,O280,2026-02-09 09:26,58.32,4.4,Completata
R00063,C0005,F299,O239,2025-09-09 16:59,107.05,16.9,Completata
R00107,C0006,F194,O308,2025-10-24 15:17,114.53,47.3,Completata
R00287,C0127,F197,O197,2026-02-12 19:10,75.07,12.6,Completata
R00475,C0176,F159,O095,2026-05-11 14:46,61.63,21.5,Completata
R00265,C0146,F015,O161,2026-01-28 20:51,37.45,6.3,Completata
R00289,C0121,F070,O180,2026-02-14 10:36,73.21,4.9,Completata
R00415,C0203,F153,O263,2026-04-14 15:38,64.7,33.2,COMPLETATA
R00506,C0150,F120,O026,2026-05-21 18:30,73.36,18.0,Completata
R00537,C0349,F123,O211,2026-06-02 16:14,61.45,39.9,Completata
R00527,C0063,F233,O082,2026-05-29 18:12,95.84,6.4,Completata
R00207,C0072,F134,O162,2025-12-25 16:51,52.98,18.9,Completata
R00103,C0004,F163,O214,2025-10-22 13:26,77.65,4.6,Completata
R00526,C0231,F189,O177,2026-05-29 14:03,49.05,9.7,Completata
R00590,C0302,F239,O154,2026-06-24 16:00,91.68,26.8,Completata
R00257,C0115,F234,O242,2026-01-24 15:04,37.26,14.7,Completata
R00069,C0046,F272,O120,2025-09-18 18:51,0.0,,Annullata
R00155,C0054,F300,O295,2025-11-28 10:17,50.4,19.0,Completata
R00320,C0024,F247,O007,2026-02-27 12:00,91.73,15.8,Completata
R00373,C0165,F029,O255,2026-03-24 10:38,70.62,44.5,Completata
R00455,C0261,F029,O191,2026-05-02 14:30,99.44,27.9,Completata
R00090,C0043,F299,O063,2025-10-06 14:50,69.81,24.5,Completata
R00015,C0004,F029,O156,17/07/2025 14:28,0.0,,Annullata
R00589,C0015,F093,O055,2026-06-24 14:08,82.38,18.2,Completata
R00524,C0025,F252,O061,2026-05-28 19:13,0.0,,Annullata
R00169,C0036,F290,O181,2025-12-07 22:41,28.11,9.6,Completata
R00151,C0049,F151,O117,2025-11-26 08:12,144.96,13.6,Completata
R00096,C0024,F079,O271,2025-10-13 11:30,60.09,7.0,Completata
R00080,C0011,F129,O250,2025-09-30 09:36,100.32,13.0,Completata
R00580,C0280,F174,O043,2026-06-21 11:33,68.11,20.0,  Completata 
R00266,C0075,F212,O275,2026-01-29 14:27,76.11,6.4,Completata
R00349,C0082,F120,O009,2026-03-13 09:24,104.32,31.1,Completata
R00502,C0276,F285,O191,2026-05-20 16:35,222.83,35.0,Completata
R00166,C0060,F237,O122,2025-12-05 18:15,33.27,32.5,Completata
R00001,C0001,F109,O274,2025-07-01 15:04,76.55,76.7,In ritardo
R00263,C0068,F065,O181,2026-01-28 11:26,28.24,132.9,In ritardo
R00242,C0144,F199,O308,2026-01-19 16:58,65.65,38.0,Completata
R00177,C0066,F278,O275,11/12/2025 18:16,113.28,68.1,In ritardo
R00236,C0105,F054,O075,2026-01-16 13:51,70.28,8.5,Completata
R00359,C0220,F073,O183,2026-03-18 19:59,81.23,14.1,Completata
R00284,C0119,F219,O090,2026-02-11 09:25,42.48,65.9,In ritardo
R00275,C0093,F150,O169,2026-02-05 12:08,"91,98",87.8,In ritardo
R00438,C0232,F186,O167,2026-04-24 07:28,248.15,36.7,Completata
R00214,C0060,F225,O230,2026-01-01 09:51,43.91,16.4,Completata
R00402,C0068,F048,O065,2026-04-08 14:31,127.73,44.3,Completata
R00560,C0320,F180,O319,2026-06-13 14:17,44.52,1.1,Completata
R00262,C0068,F159,O183,2026-01-27 16:58,19.07,108.3,In ritardo
R00430,C0014,F218,O273,2026-04-19 20:20,133.78,4.6,Completata
R00060,C0025,F252,O007,2025-09-08 13:01,0.0,,Annullata
R00246,C0144,F167,O041,2026-01-21 10:38,71.75,37.2,Completata
R00492,C0310,F258,O267,2026-05-16 10:44,91.28,17.4,Completata
R00193,C0115,F170,O143,2025-12-16 15:26,58.09,7.2,Completata
R00324,C0214,F143,O041,2026-03-02 08:12,32.78,64.3,In ritardo
R00472,C0045,F161,O172,2026-05-11 10:26,72.96,8.7,Completata
R00547,C0403,F136,O220,2026-06-08 19:07,79.51,8.5,Completata
R00339,C0167,F087,O156,06/03/2026 09:40,45.53,29.7,Completata
R00465,C0141,F034,O190,2026-05-08 17:14,0.0,,Annullata
R00342,C0219,F296,O155,2026-03-07 19:31,108.87,2.3,Completata
R00232,C0121,F134,O181,2026-01-14 16:28,26.53,22.4,Completata
R00249,C0123,F036,O310,2026-01-21 12:10,131.89,45.2,Completata
R00412,C0231,F098,O213,2026-04-13 10:20,76.65,11.7,Completata
R00012,C0006,F105,O188,2025-07-15 12:11,50.23,9.2,Completata
R00375,C0282,F082,O228,2026-03-25 13:04,76.81,8.6,Completata
R00488,C0348,F188,O228,2026-05-14 17:28,47.71,102.9,In ritardo
R00053,C0005,F170,O094,2025-08-27 16:01,38.07,3.2,Completata
R00231,C0164,F041,O278,2026-01-14 10:26,38.29,26.1,Completata
R00372,C0186,F006,O118,2026-03-23 22:30,86.4,69.4,In ritardo
R00184,C0053,F181,O300,2025-12-15 10:26,112.64,9.7,Completata
R00066,C0004,F285,O310,2025-09-13 08:11,168.18,34.9,Completata
R00442,C0227,F266,O085,2026-04-28 08:40,66.36,5.9,Completata
R00036,C0004,F029,O157,2025-08-08 09:55,43.72,11.0,Completata
R00469,C0275,F015,O161,2026-05-09 18:53,51.53,6.6,Completata
R00515,C0144,F061,O116,2026-05-26 15:24,81.41,15.9,Completata
R00245,C0123,F025,O304,2026-01-21 09:32,41.81,10.2,Completata
R00093,C0049,F070,O214,2025-10-09 12:58,0.0,,Annullata
R00583,C0146,F297,O169,2026-06-22 09:02,113.89,41.6,Completata
R00302,C0004,F087,O157,2026-02-18 14:52,70.15,11.9,Completata
R00449,C0225,F088,O218,2026-04-30 11:58,166.24,41.6,Completata
R00091,C0027,F261,O207,2025-10-06 17:38,188.09,38.8,Completata
R00050,C0014,F284,O210,2025-08-25 15:55,0.0,,Annullata
R00368,C0210,F200,O127,2026-03-23 11:38,57.14,58.5,In ritardo
R00358,C0170,F122,O017,2026-03-17 15:56,43.9,6.5,Completata
R00334,C0014,F155,O186,2026-03-05 11:55,170.13,40.7,Completata
R00441,C0276,F220,O310,2026-04-27 16:50,36.46,69.2,In ritardo
R00347,C0204,F056,O066,2026-03-12 09:44,73.22,23.7,Completata
R00019,C0004,F292,O124,2025-07-21 12:29,52.92,26.0,Completata
R00542,C0102,F002,O076,2026-06-03 12:21,38.25,8.4,Completata
R00565,C0395,F287,O233,15/06/2026 10:56,73.18,9.4,Completata
R00466,C0087,F098,O213,2026-05-09 09:50,43.93,12.9,Completata
R00556,C0115,F263,O165,2026-06-12 09:10,100.9,24.5,Completata
R00164,C0022,F073,O047,2025-12-04 15:12,43.27,7.4,Completata
R00494,C0373,F067,O173,2026-05-16 16:45,69.48,70.0,In ritardo
R00227,C0087,F189,O226,2026-01-10 14:26,66.81,3.8,Completata
R00238,C0115,F243,O243,2026-01-16 21:45,66.02,18.7,Completata
R00551,C0411,F008,O214,2026-06-10 16:26,21.56,12.9,Completata
R00201,C0068,F197,O152,2025-12-22 09:02,0.0,,Annullata
R00535,C0050,F231,O153,2026-06-02 08:09,55.49,4.6,Completata
R00381,C0099,F202,O109,2026-03-30 11:18,91.26,21.2,Completata
R00326,C0020,F041,O007,2026-03-02 15:03,62.89,9.3,Completata
R00044,C0009,F001,O310,2025-08-19 19:27,44.14,21.6,Completata
R00552,C0132,F250,O120,2026-06-10 19:27,201.41,4.6,completata
R00172,C0015,F259,O265,2025-12-08 14:53,129.9,14.4,Completata
R00280,C0080,F275,O225,2026-02-08 09:07,0.0,,Annullata
R00045,C0011,F171,O298,2025-08-20 09:55,44.92,9.4,Completata
R00189,C0003,F029,O117,15/12/2025 17:39,107.97,90.2,In ritardo
R00439,C0196,F049,O062,2026-04-25 10:31,76.72,10.9,Completata
R00083,C0024,F064,O232,2025-10-01 17:10,15.0,9.6,Completata
R00272,C0110,F183,O095,2026-02-03 12:27,0.0,,Annullata
R00075,C0037,F279,O278,2025-09-23 21:09,61.64,2.5,Completata
R00457,C0197,F068,O020,2026-05-03 11:02,62.91,1.3,Completata
R00049,C0020,F108,O232,2025-08-25 10:22,71.42,22.4,Completata
R00153,C0042,F108,O209,2025-11-27 11:39,90.84,23.3,Completata
R00199,C0087,F001,O156,2025-12-21 17:02,68.38,12.6,Completata
R00291,C0082,F158,O183,2026-02-15 10:05,67.63,20.1,Completata
R00489,C0138,F212,O314,2026-05-15 11:13,"113,42",31.3,Completata
R00094,C0040,F140,O131,2025-10-10 19:26,91.81,91.0,In ritardo
R00318,C0112,F239,O263,2026-02-27 11:32,152.47,16.4,Completata
R00593,C0294,F090,O013,2026-06-27 18:18,112.49,18.5,Completata
R00255,C0145,F074,O308,2026-01-24 10:21,"161,88",42.2,Completata
R00387,C0074,F194,O308,2026-04-02 11:33,60.12,36.5,Completata
R00165,C0069,F222,O072,2025-12-04 17:12,45.7,55.0,In ritardo
R00582,C0038,F037,O256,2026-06-22 08:08,59.97,19.6,Completata
R00154,C0035,F278,O314,2025-11-28 09:13,88.7,13.1,Completata
R00379,C0203,F067,O173,30/03/2026 10:29,103.88,15.1,  Completata 
R00079,C0014,F020,O126,2025-09-25 15:58,62.68,9.4,Completata
R00120,C0074,F017,O058,2025-11-03 12:26,75.15,8.0,Completata
R00348,C0096,F204,O119,2026-03-12 17:11,74.91,16.1,Completata
R00596,C0038,F038,O233,2026-06-29 11:51,65.81,43.0,Completata
R00463,C0254,F287,O272,2026-05-08 10:10,22.41,18.4,Completata
R00221,C0004,F285,O219,2026-01-07 09:40,277.32,1.6,Completata
R00101,C0043,F072,O068,2025-10-18 11:39,54.43,4.3,Completata
R00544,C0299,F132,O256,2026-06-07 20:38,57.02,20.4,Completata
R00406,C0246,F024,O158,2026-04-09 19:48,90.11,19.9,Completata
R00259,C0060,F237,O316,2026-01-24 22:20,73.84,12.1,  Completata 
R00555,C0326,F052,O208,2026-06-12 08:43,55.98,18.0,Completata
R00222,C0153,F183,O214,2026-01-07 16:19,0.0,,Annullata
R00328,C0037,F141,O210,2026-03-03 12:11,101.27,12.5,Completata
R00398,C0188,F111,O253,07/04/2026 11:48,72.77,62.6,In ritardo
R00025,C0011,F288,O008,2025-07-28 09:50,84.33,89.6,In ritardo
R00390,C0115,F083,O245,2026-04-03 18:54,99.09,6.8,Completata
R00092,C0007,F224,O268,2025-10-07 18:15,132.35,11.6,  Completata 
R00020,C0003,F073,O214,2025-07-22 18:56,103.52,4.2,Completata
R00595,C0093,F031,O311,2026-06-28 18:34,,,Annullata
R00356,C0205,F140,O124,2026-03-17 10:57,64.73,6.7,Completata
R00229,C0132,F210,O179,2026-01-12 19:52,59.12,2.4,Completata
R00108,C0014,F050,O279,2025-10-26 17:30,177.67,33.7,Completata
R00391,C0169,F159,O152,2026-04-04 19:49,61.28,9.2,Completata
R00269,C0127,F073,O023,2026-02-02 19:11,61.57,4.6,Completata
R00353,C0062,F279,O242,2026-03-16 11:01,0.0,,Annullata
R00440,C0186,F134,O249,2026-04-27 16:39,45.69,11.4,Completata
R00587,C0312,F195,O101,2026-06-24 09:15,74.23,3.7,Completata
R00251,C0060,F038,O230,2026-01-22 19:05,31.73,14.4,Completata
R00066,C0004,F285,O310,2025-09-13 08:11,168.18,34.9,Completata
R00446,C0258,F034,O068,2026-04-29 11:32,35.55,6.6,Completata
R00253,C0121,F137,O158,2026-01-23 16:08,53.48,7.6,Completata
R00129,C0060,F278,O069,2025-11-12 10:46,112.49,5.7,Completata
R00520,C0263,F259,O235,2026-05-27 10:30,99.12,30.3,Completata
R00021,C0003,F025,O304,2025-07-23 10:23,32.24,4.8,Completata
R00208,C0003,F098,O213,2025-12-26 22:22,137.39,6.9,Completata
R00394,C0213,F069,O030,2026-04-06 10:59,49.05,5.3,Completata
R00325,C0011,F208,O078,2026-03-02 12:52,126.08,16.6,Completata
R00187,C0091,F202,O109,15/12/2025 12:40,84.08,34.8,Completata
R00128,C0002,F121,O225,2025-11-12 09:04,30.06,31.6,Completata
R00248,C0002,F120,O065,2026-01-21 11:33,97.2,67.8,In ritardo
R00285,C0192,F193,O276,2026-02-12 10:41,58.37,18.9,Completata
R00160,C0015,F137,O065,2025-12-01 15:28,55.17,84.6,In ritardo
R00132,C0060,F058,O275,2025-11-13 18:38,119.99,60.8,In ritardo
R00052,C0023,F191,O121,2025-08-26 18:52,65.4,14.9,Completata
R00429,C0088,F191,O208,2026-04-19 16:43,56.66,6.5,Completata
R00386,C0093,F150,O169,2026-04-02 11:05,106.92,7.1,Completata
R00525,C0372,F131,O200,2026-05-29 09:59,57.95,7.6,  Completata 
R00522,C0244,F211,O111,2026-05-28 11:57,67.18,40.1,Completata
R00360,C0253,F202,O189,2026-03-19 10:51,63.79,22.2,Completata
R00041,C0004,F086,O304,2025-08-12 10:39,36.54,5.1,Completata
R00411,C0027,F236,O210,2026-04-12 20:32,177.18,45.2,Completata
R00007,C0002,F158,O197,2025-07-06 12:35,66.39,54.8,In ritardo
R00316,C0105,F054,O093,2026-02-25 16:15,41.26,22.3,Completata
R00125,C0021,F267,O120,2025-11-10 17:25,49.74,26.2,Completata
R00188,C0062,F268,O228,2025-12-15 15:12,56.09,10.3,Completata
R00029,C0009,F001,O081,2025-07-29 10:16,"93,03",47.2,Completata
R00314,C0006,F017,O122,2026-02-23 20:09,42.95,12.5,Completata
R00343,C0011,F171,O250,2026-03-09 09:42,29.16,8.8,Completata
R00408,C0031,F075,O139,2026-04-10 09:00,89.36,47.5,Completata
R00405,C0121,F065,O171,2026-04-09 12:14,37.7,11.3,Completata
R00031,C0009,F001,O310,2025-08-02 16:10,110.28,11.0,Completata
R00321,C0031,F159,O313,2026-02-27 15:16,57.96,5.1,Completata
R00309,C0204,F207,O281,2026-02-20 09:24,156.62,15.5,Completata
R00294,C0010,F194,O199,2026-02-16 10:24,96.33,20.4,Completata
R00202,C0115,F149,O130,2025-12-22 19:24,62.16,7.0,Completata
R00501,C0331,F291,O090,2026-05-20 12:59,46.29,6.9,Completata
R00499,C0053,F181,O111,2026-05-18 19:50,95.24,39.2,Completata
R00331,C0016,F247,O272,2026-03-04 19:02,36.8,24.4,Completata
R00225,C0060,F167,O041,2026-01-08 11:30,57.3,18.3,Completata
R00338,C0196,F213,O312,2026-03-05 17:32,36.46,59.7,In ritardo
R00461,C0350,F163,O180,2026-05-06 18:54,53.57,3.0,Completata
R00058,C0031,F148,O204,2025-09-04 16:19,60.45,20.8,Completata
R00022,C0006,F167,O058,2025-07-24 12:06,146.9,69.6,In ritardo
R00082,C0027,F115,O061,2025-10-01 16:24,45.6,20.3,Completata
R00099,C0053,F010,O115,2025-10-17 09:18,28.14,76.9,In ritardo
R00114,C0035,F300,O295,2025-10-30 19:04,40.44,7.6,Completata
R00483,C0113,F268,O218,2026-05-13 15:24,38.66,27.1,Completata
R00004,C0001,F202,O082,2025-07-02 18:19,120.53,51.3,In ritardo
R00241,C0091,F054,O093,2026-01-19 12:25,38.56,17.6,Completata
R00159,C0075,F074,O253,2025-12-01 15:03,196.42,41.2,Completata
R00598,C0227,F235,O239,2026-06-30 14:06,73.21,13.5,Completata
R00421,C0115,F081,O258,2026-04-15 17:23,123.8,9.8,Completata
R00566,C0060,F037,O205,2026-06-15 17:24,38.75,29.3,Completata
R00523,C0203,F168,O115,2026-05-28 13:04,"92,65",17.8,Completata
R00023,C0010,F237,O315,2025-07-25 13:30,65.46,11.2,Completata
R00352,C0227,F115,O007,2026-03-16 09:17,75.81,60.5,In ritardo
R00600,C0282,F022,O048,2026-06-30 17:16,"94,92",10.7,Completata
R00057,C0022,F043,O120,2025-09-03 16:09,83.89,25.1,Completata
R00192,C0037,F020,O167,2025-12-16 13:37,0.0,,Annullata
R00137,C0014,F101,O083,2025-11-17 16:57,53.7,9.5,Completata
R00409,C0113,F101,O057,2026-04-10 18:45,97.16,26.2,Completata
R00150,C0102,F297,O120,2025-11-25 21:52,72.83,35.5,Completata
R00454,C0320,F110,O014,2026-05-01 20:34,0.0,,Annullata
R00260,C0162,F129,O298,2026-01-25 12:27,54.06,22.3,Completata
R00437,C0040,F183,O206,2026-04-23 16:34,58.64,15.9,Completata
R00281,C0176,F250,O179,2026-02-08 19:06,0.0,,Annullata
R00447,C0284,F081,O167,2026-04-29 11:45,56.01,12.8,Completata
R00530,C0276,F036,O117,2026-06-01 14:56,239.88,21.5,Completata
R00311,C0168,F173,O048,2026-02-21 11:50,145.61,9.2,  Completata 
R00178,C0060,F295,O248,2025-12-12 12:14,"42,45",15.2,Completata
R00105,C0060,F038,O230,2025-10-24 11:10,74.41,10.5,Completata
R00292,C0127,F093,O043,2026-02-15 22:45,83.14,24.1,Completata
R00479,C0346,F194,O182,2026-05-12 15:47,88.73,6.5,Completata
R00195,C0105,F233,O082,18/12/2025 16:17,31.31,14.3,Completata
R00054,C0031,F018,O159,2025-08-28 17:07,62.61,2.3,Completata
R00575,C0024,F022,O165,2026-06-19 10:27,,,Annullata
R00336,C0230,F158,O183,2026-03-05 13:23,63.98,22.1,Completata
R00327,C0082,F231,O266,2026-03-03 10:40,108.14,58.3,In ritardo
R00462,C0218,F105,O248,2026-05-08 09:46,48.22,6.9,Completata
R00451,C0264,F019,O056,2026-04-30 18:11,58.87,28.2,Completata
R00431,C0183,F219,O269,2026-04-20 14:48,42.16,53.9,In ritardo
R00370,C0268,F032,O039,2026-03-23 13:58,0.0,,Annullata
R00383,C0154,F296,O059,2026-04-01 13:59,56.54,33.8,Completata
R00481,C0244,F213,O149,2026-05-12 18:30,22.95,71.3,In ritardo
R00034,C0004,F098,O297,2025-08-06 17:46,94.63,63.5,In ritardo
R00396,C0116,F150,O120,2026-04-06 12:54,98.22,11.2,Completata
R00418,C0204,F053,O169,2026-04-15 14:35,49.71,27.2,Completata
R00209,C0003,F029,O138,2025-12-29 14:58,97.49,3.2,Completata
R00570,C0303,F142,O038,2026-06-16 11:13,132.79,16.2,Completata
R00059,C0008,F118,O201,2025-09-06 21:40,143.86,36.7,Completata
R00070,C0017,F222,O072,2025-09-19 18:41,51.38,38.2,Completata
R00018,C0003,F247,O124,2025-07-21 11:46,62.95,4.3,Completata
R00298,C0082,F227,O180,2026-02-17 13:21,54.77,8.7,Completata
R00037,C0017,F060,O088,2025-08-08 11:43,87.93,3.2,Completata
R00149,C0012,F079,O130,2025-11-25 18:43,22.58,6.7,Completata
R00197,C0055,F208,O113,2025-12-20 10:18,83.04,7.3,Completata
R00109,C0039,F083,O003,2025-10-27 09:21,85.65,18.7,Completata
R00497,C0115,F079,O237,2026-05-18 16:54,53.1,5.0,Completata
R00013,C0005,F133,O123,2025-07-15 13:28,"46,06",12.9,Completata
R00205,C0105,F033,O222,2025-12-23 19:20,30.34,7.3,Completata
R00517,C0168,F115,O277,2026-05-26 18:56,66.09,4.3,Completata
R00135,C0076,F191,O261,2025-11-15 15:48,97.73,34.9,Completata
R00480,C0029,F217,O294,2026-05-12 18:07,65.31,78.0,In ritardo
R00078,C0036,F138,O187,2025-09-25 10:09,48.09,24.8,Completata
R00428,C0220,F107,O171,2026-04-19 13:34,43.51,14.5,Completata
R00377,C0003,F189,O301,2026-03-29 11:18,17.37,12.0,Completata
R00142,C0014,F263,O057,2025-11-22 10:01,88.89,21.0,completata
R00239,C0115,F115,O131,2026-01-17 14:43,30.64,10.1,Completata
R00549,C0060,F038,O295,2026-06-08 20:20,45.63,13.3,Completata
R00026,C0010,F143,O182,2025-07-28 11:02,29.81,9.1,Completata
R00100,C0018,F026,O051,2025-10-17 17:40,47.82,10.2,Completata
R00371,C0087,F086,O103,2026-03-23 19:04,36.79,19.0,Completata
R00403,C0224,F191,O261,08/04/2026 18:14,42.29,16.8,Completata
R00122,C0001,F202,O082,2025-11-04 14:28,49.25,11.9,Completata
R00414,C0310,F294,O225,2026-04-14 12:44,42.02,29.7,Completata
R00378,C0082,F120,O257,2026-03-29 15:02,55.17,12.5,Completata
R00470,C0102,F210,O169,2026-05-11 07:41,74.13,11.4,Completata
R00005,C0001,F176,O082,2025-07-03 17:27,94.83,8.6,Completata
R00382,C0210,F084,O052,2026-03-31 10:24,56.72,21.1,Completata
R00158,C0074,F293,O230,2025-12-01 14:59,64.84,10.0,Completata
R00062,C0031,F073,O044,2025-09-08 19:38,39.18,9.0,Completata
R00435,C0248,F290,O249,2026-04-22 20:03,51.85,7.6,Completata
R00312,C0105,F109,O229,2026-02-21 18:01,88.02,19.5,Completata
R00118,C0008,F020,O210,2025-11-02 19:44,102.73,3.8,Completata
R00366,C0151,F096,O097,2026-03-23 10:41,153.63,22.6,Completata
R00584,C0226,F239,O270,2026-06-22 09:57,171.22,38.6,Completata
R00098,C0031,F019,O288,2025-10-15 19:45,59.75,23.5,Completata
R00367,C0062,F203,O032,2026-03-23 11:02,130.93,41.3,Completata
R00217,C0113,F083,O034,2026-01-03 18:25,75.87,61.8,  In ritardo 
R00148,C0087,F209,O301,2025-11-25 14:19,62.38,5.3,Completata
R00509,C0345,F111,O308,2026-05-25 07:25,"0,0",,Annullata
R00577,C0127,F259,O005,2026-06-19 16:17,109.3,23.8,Completata
R00532,C0213,F025,O301,2026-06-01 16:21,0.0,,Annullata
R00228,C0005,F183,O277,2026-01-11 17:33,88.22,62.4,In ritardo
R00097,C0004,F256,O124,2025-10-15 12:00,"101,9",23.9,Completata
R00186,C0073,F292,O272,2025-12-15 12:24,58.86,3.9,Completata
R00545,C0413,F293,O246,2026-06-08 11:14,76.02,33.7,Completata
R00538,C0384,F073,O197,2026-06-02 16:51,37.37,55.0,In ritardo
R00341,C0062,F034,O071,2026-03-07 16:51,24.51,6.1,Completata
R00084,C0014,F299,O210,2025-10-01 18:49,88.88,38.5,Completata
R00047,C0016,F145,O169,2025-08-23 18:41,"79,37",20.2,Completata
R00016,C0005,F274,O143,2025-07-18 15:04,64.26,25.5,Completata
R00561,C0140,F015,O001,2026-06-13 19:21,65.01,7.6,  Completata 
R00174,C0035,F105,O256,2025-12-09 08:51,64.43,70.7,In ritardo
R00170,C0031,F107,O174,2025-12-08 10:01,30.43,17.0,Completata
R00594,C0115,F081,O151,2026-06-28 11:35,116.11,14.0,Completata
R00322,C0063,F109,O229,2026-02-28 10:28,93.83,69.3,In ritardo
R00279,C0096,F208,O146,2026-02-07 12:02,30.06,28.5,Completata
R00597,C0435,F262,O115,2026-06-29 18:25,42.88,16.7,Completata
R00095,C0004,F069,O191,2025-10-12 14:02,92.5,18.0,Completata
R00278,C0161,F159,O197,2026-02-06 20:08,73.01,20.2,Completata
R00436,C0154,F060,O231,2026-04-23 12:13,86.01,16.8,Completata
R00273,C0036,F148,O139,2026-02-04 13:16,81.9,6.4,Completata
R00345,C0102,F224,O175,2026-03-09 22:27,19.81,24.7,completata
R00008,C0002,F120,O285,2025-07-08 09:07,54.7,4.6,Completata
R00055,C0015,F294,O267,2025-08-29 09:48,105.71,9.5,Completata
R00258,C0051,F232,O175,2026-01-24 18:24,73.42,21.9,Completata
R00176,C0091,F233,O280,2025-12-11 11:55,0.0,,Annullata
R00558,C0368,F109,O229,2026-06-12 14:26,48.21,4.2,Completata
R00323,C0063,F176,O176,2026-02-28 17:39,100.46,6.3,Completata
R00027,C0001,F109,O229,2025-07-28 20:01,71.79,27.4,Completata
R00204,C0074,F111,O060,2025-12-23 17:48,73.95,21.5,Completata
R00044,C0009,F001,O310,2025-08-19 19:27,44.14,21.6,Completata
R00191,C0123,F001,O138,2025-12-16 09:59,105.41,27.9,Completata
R00098,C0031,F019,O288,2025-10-15 19:45,59.75,23.5,Completata
R00274,C0014,F253,O202,2026-02-05 11:47,60.53,1.2,Completata
R00476,C0024,F135,O070,2026-05-11 15:16,45.75,41.1,Completata
R00539,C0273,F014,O067,2026-06-02 19:34,57.55,6.3,Completata
R00564,C0260,F166,O077,2026-06-15 10:14,132.91,14.3,Completata
R00119,C0060,F194,O199,2025-11-03 10:34,48.07,94.1,IN RITARDO
R00310,C0115,F179,O303,2026-02-20 18:59,86.09,5.1,Completata
R00147,C0095,F243,O243,2025-11-25 11:53,71.49,8.6,Completata
R00333,C0189,F264,O039,2026-03-05 10:55,114.93,10.7,  Completata 
R00534,C0374,F289,O053,2026-06-01 20:46,0.0,,Annullata
R00171,C0087,F087,O284,2025-12-08 13:27,75.87,4.2,Completata
R00553,C0063,F054,O093,2026-06-11 15:28,43.88,52.3,In ritardo
R00006,C0002,F198,O302,2025-07-05 10:52,58.36,24.0,Completata
R00173,C0087,F087,O284,2025-12-08 19:24,46.7,19.0,Completata
R00485,C0015,F120,O052,2026-05-14 11:28,86.27,17.6,Completata
R00138,C0080,F185,O141,2025-11-17 21:18,0.0,,Annullata
R00471,C0060,F160,O248,2026-05-11 08:19,"0,0",,Annullata
R00491,C0252,F178,O008,2026-05-16 10:26,231.38,21.1,Completata
R00487,C0198,F082,O168,2026-05-14 13:31,34.36,22.2,Completata
R00588,C0329,F093,O287,2026-06-24 09:51,0.0,,Annullata
R00241,C0091,F054,O093,2026-01-19 12:25,38.56,17.6,Completata
R00425,C0102,F150,O179,2026-04-17 15:32,102.63,23.9,Completata
R00002,C0001,F217,O294,2025-07-01 15:25,68.45,57.0,In ritardo
R00519,C0167,F069,O081,2026-05-27 08:26,59.64,65.8,In ritardo
R00298,C0082,F227,O180,2026-02-17 13:21,54.77,8.7,Completata
R00305,C0213,F001,O191,2026-02-19 09:33,60.29,15.1,Completata
R00548,C0176,F004,O175,2026-06-08 19:28,114.67,18.8,Completata
R00190,C0031,F120,O005,2025-12-15 17:52,82.68,22.7,Completata
R00586,C0286,F224,O268,2026-06-23 10:12,38.99,5.9,Completata
R00161,C0063,F033,O222,2025-12-02 18:25,27.23,55.9,In ritardo
R00290,C0011,F204,O133,2026-02-14 11:12,126.03,33.1,Completata
R00388,C0177,F188,O196,2026-04-03 10:33,77.98,15.7,Completata
R00139,C0050,F018,O249,2025-11-18 20:20,47.95,3.0,Completata
R00518,C0102,F150,O179,2026-05-26 19:58,118.43,12.8,Completata
R00064,C0003,F098,O297,2025-09-10 13:42,81.48,9.3,Completata
R00434,C0009,F001,O219,2026-04-21 16:38,66.24,46.3,Completata
R00215,C0087,F029,O157,2026-01-03 12:56,113.16,13.7,Completata
R00038,C0011,F129,O299,2025-08-09 17:27,69.61,37.0,Completata
R00233,C0121,F290,O181,2026-01-15 10:54,49.45,7.0,Completata
R00392,C0248,F024,O005,2026-04-05 12:21,100.06,34.5,Completata
R00493,C0222,F077,O270,2026-05-16 11:25,81.7,14.9,Completata
R00443,C0282,F234,O007,2026-04-28 09:58,40.55,10.4,Completata
R00240,C0031,F093,O118,2026-01-19 10:15,74.38,69.0,In ritardo
R00330,C0241,F068,O154,2026-03-04 17:46,50.15,5.1,Completata
R00346,C0203,F012,O024,2026-03-10 13:48,73.21,26.1,Completata
R00369,C0014,F041,O290,2026-03-23 12:35,35.37,20.5,Completata
R00254,C0087,F172,O226,2026-01-23 20:26,30.6,21.0,Completata
R00235,C0154,F129,O088,2026-01-15 18:29,95.16,31.4,Completata
R00071,C0024,F299,O003,2025-09-20 19:24,95.26,80.4,In ritardo
R00243,C0127,F256,O183,2026-01-19 18:57,69.83,17.7,Completata
R00319,C0049,F029,O255,2026-02-27 11:38,86.34,32.9,Completata
R00081,C0031,F070,O288,2025-10-01 14:53,57.26,10.5,Completata
R00277,C0063,F109,O274,2026-02-06 08:32,112.83,15.5,Completata
R00508,C0031,F158,O023,2026-05-23 15:46,68.67,26.2,Completata
R00540,C0056,F033,O222,2026-06-03 09:48,0.0,,Annullata
R00599,C0038,F237,O308,2026-06-30 14:26,98.45,51.2,In ritardo
R00423,C0308,F290,O249,2026-04-16 12:32,53.33,3.9,Completata
R00318,C0112,F239,O263,2026-02-27 11:32,152.47,16.4,Completata
R00106,C0056,F128,O189,2025-10-24 12:14,168.51,41.2,Completata
R00077,C0036,F205,O170,2025-09-25 08:10,109.9,12.0,Completata
R00460,C0042,F141,O034,2026-05-06 09:39,74.25,14.4,Completata
R00308,C0068,F158,O152,2026-02-19 20:16,74.2,25.6,Completata
R00181,C0015,F006,O139,2025-12-12 21:41,99.08,23.8,Completata
R00304,C0024,F117,O071,2026-02-18 22:04,25.29,8.3,Completata
R00140,C0078,F117,O033,2025-11-19 13:40,63.51,43.6,Completata
R00516,C0077,F228,O176,2026-05-26 15:42,216.52,43.4,Completata
R00301,C0211,F290,O162,2026-02-18 10:13,52.79,7.7,Completata
R00271,C0030,F239,O263,2026-02-03 12:25,196.83,41.8,Completata
R00168,C0079,F038,O246,2025-12-06 13:16,48.27,11.1,Completata
R00562,C0167,F029,O255,2026-06-15 09:46,89.72,47.8,Completata
R00572,C0203,F241,O300,2026-06-17 15:01,147.31,39.0,Completata
R00448,C0031,F137,O267,2026-04-29 18:20,64.47,8.4,Completata
R00496,C0060,F055,O058,2026-05-18 12:42,82.61,2.8,Completata
R00567,C0331,F052,O215,2026-06-15 18:20,62.07,31.3,Completata
R00482,C0083,F264,O160,12/05/2026 19:24,89.95,47.5,Completata
R00330,C0241,F068,O154,2026-03-04 17:46,50.15,5.1,Completata
R00350,C0109,F266,O216,2026-03-13 09:28,99.64,15.9,Completata
R00033,C0014,F279,O293,2025-08-05 17:20,"54,27",21.5,Completata
R00157,C0029,F109,O274,2025-12-01 14:25,91.52,11.3,Completata
R00134,C0060,F167,O058,2025-11-14 10:48,79.04,46.4,Completata
R00061,C0010,F009,O256,2025-09-08 14:55,51.67,5.6,Completata
R00211,C0121,F227,O288,2025-12-29 17:23,0.0,,Annullata
R00003,C0001,F003,O294,2025-07-02 15:40,79.16,16.0,Completata
R00578,C0175,F286,O263,2026-06-21 09:55,0.0,,Annullata
R00424,C0188,F225,O230,2026-04-16 18:17,76.98,75.9,In ritardo
R00250,C0168,F115,O193,2026-01-21 17:20,62.34,5.9,Completata
R00299,C0167,F098,O292,2026-02-17 16:01,"86,45",55.1,In ritardo
R00117,C0011,F222,O072,2025-11-01 10:12,61.53,1.7,Completata
R00087,C0010,F091,O246,2025-10-03 08:25,87.08,78.5,In ritardo
R00256,C0053,F211,O077,2026-01-24 12:07,43.44,10.9,  Completata 
R00340,C0121,F121,O096,2026-03-06 12:40,62.68,29.7,Completata
R00104,C0063,F109,O274,2025-10-23 18:54,127.4,44.6,Completata
R00297,C0177,F101,O029,2026-02-17 10:54,89.64,7.9,  Completata 
R00474,C0151,F151,O097,11/05/2026 11:46,162.23,44.5,Completata
R00362,C0080,F198,O192,2026-03-19 16:33,74.54,26.4,Completata
